auc,auc_abs,ap,tpr@1fpr,tpr@5fpr,tpr@1fpr_abs,poison_rate,auc_target_class,auc_target_class_abs,tpr@1fpr_target_class,tpr@1fpr_target_class_abs,auc_target_class_best,direction,tpr@1fpr_target_class_best,elimination_rate,sacrifice_rate,precision,recall,f1,n_removed,residual_poison_rate,attack,rate,hash,n_bits,family,threshold,detector,rule,t_hash_s,t_detect_s
0.3803721978947368,0.52144496,0.03662893888761433,0.0,0.0,0.0,0.05,0.36601718518518517,0.5177601693121693,0.0036,0.0168,0.6339828148148148,-1,0.0168,0.0,0.0009052631578947368,0.0,0.0,0.0,43,0.050043037011830174,label_flip_only,0.05,ahash,64,spatial,mean,bit_llr,mad,0.224,0.07
0.6568277726315789,0.5552300589473684,0.14885361215934353,0.0,0.4068,0.0,0.05,0.4211138624338624,0.4501679153439153,0.0,0.0,0.5788861375661376,-1,0.0,0.4092,0.3755157894736842,0.05424178154825027,0.4092,0.09578651685393258,18860,0.047430956968529225,label_flip_only,0.05,ahash,64,spatial,mean,bit_em,mad,0.224,0.306
0.41258853894736847,0.49762499789473685,0.04093596466474872,0.0088,0.0412,0.0048,0.05,0.35954463492063493,0.4918184973544973,0.0028,0.0028,0.6404553650793651,-1,0.03,0.0,0.0,0.0,0.0,0.0,0,0.05,label_flip_only,0.05,ahash,64,spatial,mean,hamming_knn,mad,0.224,0.457
0.5102146652631578,0.18360608421052632,0.05898827389427353,0.0,0.0,0.0,0.05,0.40383326984126977,0.40383326984126977,0.0032,0.0032,0.5961667301587302,-1,0.0032,0.0168,0.1532842105263158,0.005735354362965997,0.0168,0.008551359055278427,7323,0.05759542610773953,label_flip_only,0.05,ahash,64,spatial,mean,hamming_ball,mad,0.224,0.449
0.4141545642105263,0.4757793347368421,0.04515677604363744,0.0,0.0,0.0,0.05,0.37376131216931213,0.46297303703703707,0.0,0.0,0.6262386878306878,-1,0.0304,0.1568,0.10686315789473684,0.07168983174835405,0.1568,0.09839357429718876,5468,0.047336746609179914,label_flip_only,0.05,ahash,64,spatial,mean,block_collision,mad,0.224,0.167
0.5088259705263158,0.46959482947368425,0.04945088660354363,0.0008,0.048,0.0008,0.05,0.48394171428571425,0.46741913227513227,0.008,0.008,0.5160582857142857,-1,0.008,0.0,0.0009263157894736842,0.0,0.0,0.0,44,0.05004403875410361,label_flip_only,0.05,ahash,64,spatial,mean,hash_spectral,mad,0.224,0.05
0.4210547578947369,0.4730659789473684,0.040758604083659444,0.0,0.0104,0.0,0.05,0.38637930158730166,0.5072538835978836,0.0068,0.0088,0.6136206984126984,-1,0.0124,0.0,0.0005684210526315789,0.0,0.0,0.0,27,0.05002701458787746,label_flip_only,0.05,ahash,64,spatial,mean,hash_stability,mad,0.224,0.037
0.37798314105263153,0.5433907031578948,0.036943620762219964,0.0,0.0,0.0,0.05,0.38345693121693125,0.5518091851851852,0.0076,0.0376,0.6165430687830687,-1,0.0376,0.0,0.0015578947368421053,0.0,0.0,0.0,74,0.05007410968232985,label_flip_only,0.05,ahash4,16,spatial,mean,bit_llr,mad,0.176,0.055
0.6530001094736841,0.5828402652631579,0.14467312164459417,0.0472,0.4268,0.0,0.05,0.42717997883597886,0.46298806349206345,0.0,0.0,0.5728200211640211,-1,0.0,0.3856,0.1560421052631579,0.11509073543457497,0.3856,0.1772710555351232,8376,0.03690178743032866,label_flip_only,0.05,ahash4,16,spatial,mean,bit_em,mad,0.176,0.168
0.45676402526315785,0.49205813052631575,0.048803524233061134,0.0,0.06,0.0016,0.05,0.3934358095238095,0.47470971428571423,0.0,0.0132,0.6065641904761905,-1,0.0132,0.0,2.105263157894737e-05,0.0,0.0,0.0,1,0.0500010000200004,label_flip_only,0.05,ahash4,16,spatial,mean,hamming_knn,mad,0.176,0.44
0.37727808421052633,0.4293756084210526,0.04913117820004236,0.0,0.044,0.0,0.05,0.42122103703703706,0.4433944973544973,0.0,0.0,0.5787789629629629,-1,0.0,0.0712,0.12191578947368421,0.029820740492544816,0.0712,0.04203565946392726,5969,0.052735572664713494,label_flip_only,0.05,ahash4,16,spatial,mean,hamming_ball,mad,0.176,0.434
0.44484457263157895,0.4774117094736842,0.04970281733253436,0.0312,0.044,0.0312,0.05,0.4010401693121693,0.42777346031746033,0.0,0.0,0.5989598306878308,-1,0.0,0.1412,0.1870736842105263,0.038207598224916116,0.1412,0.060141408978618284,9239,0.0526728981133927,label_flip_only,0.05,ahash4,16,spatial,mean,block_collision,mad,0.176,0.046
0.5110685263157895,0.48690662736842105,0.05127575211520022,0.0,0.0548,0.0,0.05,0.49720457142857144,0.4883554708994709,0.0,0.0,0.5027954285714286,-1,0.0164,0.0,0.0022736842105263158,0.0,0.0,0.0,108,0.050108233784975545,label_flip_only,0.05,ahash4,16,spatial,mean,hash_spectral,mad,0.176,0.049
0.49743586105263154,0.5295116505263158,0.05148597855068711,0.004,0.0592,0.004,0.05,0.4058087619047619,0.4462029206349206,0.002,0.002,0.5941912380952381,-1,0.002,0.004,0.004926315789473684,0.040983606557377046,0.004,0.007288629737609329,244,0.050044215772972106,label_flip_only,0.05,ahash4,16,spatial,mean,hash_stability,mad,0.176,0.026
0.3812608294736842,0.5014793347368421,0.03652825632651495,0.0,0.0,0.0,0.05,0.3582409735449736,0.4968866455026455,0.002,0.0084,0.6417590264550264,-1,0.0084,0.0,0.0005894736842105263,0.0,0.0,0.0,28,0.05002801568878572,label_flip_only,0.05,ahash16,256,spatial,mean,bit_llr,mad,0.198,0.103
0.40893110736842103,0.3513501473684211,0.053136663884034104,0.0,0.0,0.0,0.05,0.4013271534391535,0.5986728465608466,0.0,0.0,0.5986728465608465,-1,0.0,0.0,0.29547368421052633,0.0,0.0,0.0,14035,0.06951202558042541,label_flip_only,0.05,ahash16,256,spatial,mean,bit_em,mad,0.198,0.906
0.3891373136842105,0.5110254863157895,0.0384797902886004,0.006,0.0368,0.006,0.05,0.3323500105820106,0.5031061164021164,0.0032,0.0032,0.6676499894179895,-1,0.0436,0.0,0.0,0.0,0.0,0.0,0,0.05,label_flip_only,0.05,ahash16,256,spatial,mean,hamming_knn,mad,0.198,0.461
0.5373735831578947,0.19741858526315786,0.06247113308846383,0.0,0.0,0.0,0.05,0.4048273439153439,0.4048273439153439,0.0032,0.0032,0.5951726560846561,-1,0.0032,0.014,0.16189473684210526,0.004530744336569579,0.014,0.006845965770171149,7725,0.05830869308101715,label_flip_only,0.05,ahash16,256,spatial,mean,hamming_ball,mad,0.198,0.452
0.30764572631578946,0.7224495452631579,0.040262352216255626,0.0,0.0,0.044,0.05,0.3743754920634921,0.6076432169312169,0.0,0.0332,0.6256245079365079,-1,0.0332,0.5488,0.08214736842105264,0.2601441031475161,0.5488,0.3529714432724466,5274,0.02522022984393865,label_flip_only,0.05,ahash16,256,spatial,mean,block_collision,mad,0.198,0.699
0.5052762989473685,0.4623539536842105,0.048729179113780455,0.0032,0.0416,0.0032,0.05,0.47899864550264554,0.4531669417989418,0.0048,0.0048,0.5210013544973544,-1,0.0104,0.0,0.0006526315789473684,0.0,0.0,0.0,31,0.050031019231923796,label_flip_only,0.05,ahash16,256,spatial,mean,hash_spectral,mad,0.198,0.056
0.4757555115789474,0.5224858442105264,0.04883853042608299,0.0112,0.052,0.0148,0.05,0.4638325079365079,0.5184016084656085,0.0044,0.004,0.5361674920634921,-1,0.01,0.0008,0.0013473684210526316,0.030303030303030304,0.0008,0.001558846453624318,66,0.05002603436536228,label_flip_only,0.05,ahash16,256,spatial,mean,hash_stability,mad,0.198,0.038
0.3805991326315789,0.49464888421052633,0.036436780974953537,0.0,0.0004,0.0,0.05,0.35448744973544977,0.4883814603174604,0.0012,0.008,0.6455125502645502,-1,0.008,0.0,0.0005263157894736842,0.0,0.0,0.0,25,0.05002501250625312,label_flip_only,0.05,ahash32,1024,spatial,mean,bit_llr,mad,0.541,0.355
0.3504747957894737,0.5073827705263159,0.04852576846312352,0.0,0.0,0.0,0.05,0.4034093544973545,0.5965906455026455,0.0,0.0,0.5965906455026455,-1,0.0,0.0,0.14926315789473685,0.0,0.0,0.0,7090,0.05826147751106968,label_flip_only,0.05,ahash32,1024,spatial,mean,bit_em,mad,0.541,5.18
0.3784802778947368,0.511571052631579,0.0373574547692206,0.0028,0.0308,0.0028,0.05,0.31786992592592594,0.5062385608465607,0.0028,0.0028,0.6821300740740741,-1,0.0456,0.0,2.105263157894737e-05,0.0,0.0,0.0,1,0.0500010000200004,label_flip_only,0.05,ahash32,1024,spatial,mean,hamming_knn,mad,0.541,0.646
0.47782167157894734,0.23894160421052632,0.05467230989536609,0.0,0.0,0.0,0.05,0.39841358730158727,0.39841358730158727,0.0032,0.0032,0.6015864126984127,-1,0.0032,0.0148,0.14269473684210526,0.005429200293470286,0.0148,0.007944176060118088,6815,0.05703369225425495,label_flip_only,0.05,ahash32,1024,spatial,mean,hamming_ball,mad,0.541,0.603
0.3875517978947368,0.40323312000000006,0.0426348470870272,0.0,0.0,0.0,0.05,0.40156406349206347,0.5984359365079366,0.0,0.0144,0.5984359365079366,-1,0.0144,0.0016,0.13181052631578946,0.0006384676775738228,0.0016,0.0009127210496292071,6265,0.057070995769978275,label_flip_only,0.05,ahash32,1024,spatial,mean,block_collision,mad,0.541,3.126
0.5041793010526316,0.46102552421052634,0.048483802953266306,0.0044,0.0388,0.0044,0.05,0.47813646560846557,0.4486543915343916,0.0048,0.0048,0.5218635343915344,-1,0.0068,0.0,0.00048421052631578945,0.0,0.0,0.0,23,0.05002301058486904,label_flip_only,0.05,ahash32,1024,spatial,mean,hash_spectral,mad,0.541,0.19
0.49155582736842107,0.5113630610526316,0.0499342455159327,0.0132,0.0516,0.012,0.05,0.48255115343915345,0.5077310899470899,0.0032,0.004,0.5174488465608466,-1,0.0072,0.0016,0.0017473684210526316,0.04597701149425287,0.0016,0.0030923850019327404,87,0.05000701220123014,label_flip_only,0.05,ahash32,1024,spatial,mean,hash_stability,mad,0.541,0.042
0.4250973347368421,0.5000080294736842,0.040193435116669465,0.0,0.0212,0.0,0.05,0.3964028783068783,0.5054107936507937,0.004,0.012,0.6035971216931217,-1,0.012,0.0,0.0012210526315789474,0.0,0.0,0.0,58,0.050058067358135436,label_flip_only,0.05,mhash,64,spatial,median,bit_llr,mad,0.221,0.069
0.46557610526315785,0.4909491789473684,0.05266170526892365,0.0,0.0,0.0,0.05,0.42448139682539676,0.5416191746031747,0.0,0.0,0.5755186031746032,-1,0.0,0.0,0.3276842105263158,0.0,0.0,0.0,15565,0.0726005517641934,label_flip_only,0.05,mhash,64,spatial,median,bit_em,mad,0.221,0.314
0.4382609810526316,0.4973696210526316,0.04424670482178727,0.0092,0.0488,0.0092,0.05,0.39073371428571424,0.4823019682539682,0.0028,0.0,0.6092662857142858,-1,0.0244,0.0,4.210526315789474e-05,0.0,0.0,0.0,2,0.0500020000800032,label_flip_only,0.05,mhash,64,spatial,median,hamming_knn,mad,0.221,0.509
0.5123466021052632,0.18478633263157895,0.056633275506619375,0.0,0.0,0.0,0.05,0.4154442328042328,0.4154442328042328,0.0028,0.0028,0.5845557671957672,-1,0.0028,0.0156,0.16073684210526315,0.0050820953870211105,0.0156,0.0076666011401611955,7674,0.05814393044464396,label_flip_only,0.05,mhash,64,spatial,median,hamming_ball,mad,0.221,0.509
0.43090628210526316,0.48534169263157895,0.0448495122213054,0.0,0.0572,0.0,0.05,0.39579445502645505,0.46734611640211643,0.0,0.0,0.604205544973545,-1,0.0096,0.1176,0.10338947368421053,0.05648414985590778,0.1176,0.07631408176508761,5205,0.04924656769728764,label_flip_only,0.05,mhash,64,spatial,median,block_collision,mad,0.221,0.174
0.4724120042105263,0.47753397052631574,0.0451688929970529,0.0012,0.0404,0.0012,0.05,0.45166065608465605,0.47872457142857144,0.0052,0.0052,0.5483393439153439,-1,0.0084,0.0,0.0003578947368421053,0.0,0.0,0.0,17,0.05001700578196587,label_flip_only,0.05,mhash,64,spatial,median,hash_spectral,mad,0.221,0.05
0.3929003410526316,0.5289873894736843,0.03933630987566056,0.0016,0.0196,0.0016,0.05,0.3905923386243386,0.5191900105820105,0.0036,0.0044,0.6094076613756614,-1,0.0124,0.0,0.0021473684210526318,0.0,0.0,0.0,102,0.050102208505350916,label_flip_only,0.05,mhash,64,spatial,median,hash_stability,mad,0.221,0.032
0.3629168589473684,0.5443772084210526,0.03567593859553024,0.0,0.0008,0.0016,0.05,0.33454332275132276,0.5526924867724867,0.0024,0.0288,0.6654566772486772,-1,0.0288,0.0,0.001431578947368421,0.0,0.0,0.0,68,0.05006809260594408,label_flip_only,0.05,ahash_rgb,192,spatial,mean,bit_llr,mad,0.436,0.094
0.6689115747368422,0.5450978652631578,0.16194699220529274,0.0,0.4052,0.0,0.05,0.44326387301587306,0.4481453121693122,0.0,0.0,0.5567361269841269,-1,0.0,0.4316,0.39482105263157896,0.05440427570211264,0.4316,0.09662830788519232,19833,0.04710445188450956,label_flip_only,0.05,ahash_rgb,192,spatial,mean,bit_em,mad,0.436,0.746
0.4161284168421053,0.49675962526315787,0.04103783498299852,0.0088,0.0388,0.0084,0.05,0.3694546878306878,0.4814106666666667,0.002,0.002,0.6305453121693122,-1,0.0188,0.0,0.0,0.0,0.0,0.0,0,0.05,label_flip_only,0.05,ahash_rgb,192,spatial,mean,hamming_knn,mad,0.436,0.483
0.5228732210526316,0.19782025263157893,0.06103743290213067,0.0,0.0,0.0,0.05,0.424688,0.424688,0.0024,0.0024,0.575312,-1,0.0024,0.0164,0.16486315789473685,0.005208333333333333,0.0164,0.007905900501349789,7872,0.058369730345613366,label_flip_only,0.05,ahash_rgb,192,spatial,mean,hamming_ball,mad,0.436,0.475
0.4483725221052632,0.46898558736842105,0.049564660260303664,0.0,0.0,0.0,0.05,0.3671769312169312,0.45718179894179894,0.0,0.0,0.6328230687830688,-1,0.0292,0.0,0.04187368421052631,0.0,0.0,0.0,1989,0.05207140030409698,label_flip_only,0.05,ahash_rgb,192,spatial,mean,block_collision,mad,0.436,0.434
0.5126591284210527,0.4958631536842106,0.05209596739572775,0.0084,0.0588,0.0084,0.05,0.487117544973545,0.4959966137566137,0.01,0.01,0.512882455026455,-1,0.01,0.0,0.0010736842105263159,0.0,0.0,0.0,51,0.050051052073114576,label_flip_only,0.05,ahash_rgb,192,spatial,mean,hash_spectral,mad,0.436,0.055
0.4065227957894737,0.49459184842105264,0.039227517248518085,0.0016,0.0156,0.0016,0.05,0.3677917883597883,0.5048153650793651,0.006,0.0072,0.6322082116402117,-1,0.0164,0.0,0.0007157894736842105,0.0,0.0,0.0,34,0.0500340231357323,label_flip_only,0.05,ahash_rgb,192,spatial,mean,hash_stability,mad,0.436,0.04
0.40823306526315795,0.4850396547368421,0.0390483934279702,0.0056,0.02,0.012,0.05,0.355797164021164,0.47728715343915346,0.0028,0.01,0.644202835978836,-1,0.0252,0.0004,0.0,1.0,0.0004,0.0007996801279488205,1,0.0499809996199924,label_flip_only,0.05,dhash,64,spatial,pairwise,bit_llr,mad,0.183,0.065
0.5740780631578948,0.5725395789473684,0.06922349383311216,0.0,0.0,0.0,0.05,0.49417041269841266,0.48330819047619045,0.0,0.0,0.5058295873015873,-1,0.0,0.0,0.07869473684210526,0.0,0.0,0.0,3738,0.05404003285633998,label_flip_only,0.05,dhash,64,spatial,pairwise,bit_em,mad,0.183,0.342
0.43144838736842106,0.4767464715789474,0.0428271045863141,0.0092,0.0388,0.0092,0.05,0.39926831746031743,0.4718887619047619,0.0044,0.0044,0.6007316825396826,-1,0.0152,0.0108,0.011873684210526316,0.04568527918781726,0.0108,0.017470074409576188,591,0.05005161003056123,label_flip_only,0.05,dhash,64,spatial,pairwise,hamming_knn,mad,0.183,0.478
0.47094010105263157,0.42231282947368426,0.04633061375155448,0.0068,0.0388,0.0068,0.05,0.403317291005291,0.44398167195767196,0.0044,0.0044,0.596682708994709,-1,0.0044,0.0664,0.0900842105263158,0.03734533183352081,0.0664,0.047804175665946726,4445,0.051234771155745804,label_flip_only,0.05,dhash,64,spatial,pairwise,hamming_ball,mad,0.183,0.485
0.4888589936842105,0.5802812210526316,0.06231324493855278,0.024,0.0964,0.024,0.05,0.4334456719576719,0.4498915978835979,0.0,0.0,0.5665543280423281,-1,0.0,0.1512,0.1075578947368421,0.06889010388190268,0.1512,0.09465381244522349,5487,0.047671466762518815,label_flip_only,0.05,dhash,64,spatial,pairwise,block_collision,mad,0.183,0.167
0.4891352547368421,0.48573048842105265,0.04827444033753765,0.0096,0.048,0.0096,0.05,0.4809380740740741,0.48030285714285714,0.0056,0.0056,0.5190619259259259,-1,0.0056,0.0004,0.001768421052631579,0.011764705882352941,0.0004,0.0007736943907156673,85,0.05006511068816989,label_flip_only,0.05,dhash,64,spatial,pairwise,hash_spectral,mad,0.183,0.049
0.5091985052631578,0.5076419831578948,0.051620812506344656,0.0056,0.0348,0.0124,0.05,0.5562184126984127,0.48327508994708995,0.01,0.006,0.5562184126984127,1,0.01,0.0008,0.0005052631578947368,0.07692307692307693,0.0008,0.001583531274742676,26,0.04998599271621243,label_flip_only,0.05,dhash,64,spatial,pairwise,hash_stability,mad,0.183,0.037
0.43019045052631577,0.4860855957894737,0.040781449014596516,0.0032,0.0248,0.0048,0.05,0.3894535026455027,0.4819440846560846,0.0024,0.0084,0.6105464973544973,-1,0.0156,0.0,0.00023157894736842104,0.0,0.0,0.0,11,0.05001100242053252,label_flip_only,0.05,dhash_v,64,spatial,pairwise,bit_llr,mad,0.152,0.066
0.4351003494736842,0.5614914189473685,0.04389020943093078,0.0,0.0,0.0,0.05,0.5060047407407408,0.469554708994709,0.0,0.0,0.5060047407407408,1,0.0,0.0,0.06917894736842105,0.0,0.0,0.0,3286,0.053517146893864796,label_flip_only,0.05,dhash_v,64,spatial,pairwise,bit_em,mad,0.152,0.333
0.3896201768421053,0.5039461642105263,0.03817464893480524,0.0012,0.0188,0.0012,0.05,0.3453317248677249,0.5078228148148148,0.002,0.002,0.6546682751322751,-1,0.0344,0.0,0.002126315789473684,0.0,0.0,0.0,101,0.05010120443295457,label_flip_only,0.05,dhash_v,64,spatial,pairwise,hamming_knn,mad,0.152,0.476
0.41348799578947365,0.43913276631578946,0.04163868712605467,0.0,0.0172,0.0,0.05,0.3508941798941798,0.4403468783068783,0.0008,0.0008,0.6491058201058202,-1,0.0008,0.046,0.09682105263157895,0.0243954179041154,0.046,0.0318824507901303,4714,0.0526652828688778,label_flip_only,0.05,dhash_v,64,spatial,pairwise,hamming_ball,mad,0.152,0.46
0.4086821136842106,0.45723805894736835,0.040811552835416126,0.0,0.034,0.0,0.05,0.3661346455026455,0.4542209523809524,0.0,0.0,0.6338653544973545,-1,0.0,0.0844,0.1496,0.02883695503621703,0.0844,0.042986655801161254,7317,0.05362790806644332,label_flip_only,0.05,dhash_v,64,spatial,pairwise,block_collision,mad,0.152,0.163
0.4530020210526316,0.46771597473684207,0.04238738402707461,0.0,0.01,0.0,0.05,0.43883001058201054,0.46115898412698414,0.006,0.006,0.5611699894179895,-1,0.0124,0.0,0.0005052631578947368,0.0,0.0,0.0,24,0.05002401152553226,label_flip_only,0.05,dhash_v,64,spatial,pairwise,hash_spectral,mad,0.152,0.049
0.5592442063157895,0.42678322526315793,0.05733617625276281,0.002,0.0312,0.002,0.05,0.598358052910053,0.4845155555555556,0.0124,0.0096,0.598358052910053,1,0.0124,0.0004,0.00031578947368421053,0.0625,0.0004,0.000794912559618442,16,0.04999599871959027,label_flip_only,0.05,dhash_v,64,spatial,pairwise,hash_stability,mad,0.152,0.037
0.4205649852631579,0.46094965052631576,0.039552493900936125,0.0032,0.0212,0.0036,0.05,0.3674935026455026,0.4417877671957672,0.0008,0.002,0.6325064973544974,-1,0.0112,0.0004,0.0010105263157894737,0.02040816326530612,0.0004,0.0007846214201647705,49,0.050029028447878925,label_flip_only,0.05,dhash16,256,spatial,pairwise,bit_llr,mad,0.275,0.114
0.5757350610526316,0.5897323747368421,0.1317164404682721,0.0,0.3308,0.0,0.05,0.46209473015873015,0.4533500952380952,0.0,0.0,0.5379052698412699,-1,0.0,0.4292,0.2708,0.07699483352468427,0.4292,0.13056704794353857,13936,0.039568544809228036,label_flip_only,0.05,dhash16,256,spatial,pairwise,bit_em,mad,0.275,1.085
0.42757375999999997,0.45948068631578953,0.04117483438283611,0.0056,0.0328,0.0056,0.05,0.36496681481481474,0.43601544973544976,0.0028,0.0028,0.6350331851851853,-1,0.0172,0.0192,0.028926315789473685,0.03375527426160337,0.0192,0.02447730749617542,1422,0.050475523899707685,label_flip_only,0.05,dhash16,256,spatial,pairwise,hamming_knn,mad,0.275,0.496
0.4229280715789474,0.47475677894736845,0.05153506548563676,0.0188,0.0608,0.0188,0.05,0.376509291005291,0.40686967195767193,0.0024,0.0024,0.623490708994709,-1,0.0024,0.1268,0.1392421052631579,0.04573654595296494,0.1268,0.06722510868412682,6931,0.05068610833778356,label_flip_only,0.05,dhash16,256,spatial,pairwise,hamming_ball,mad,0.275,0.489
0.4443510947368421,0.5011537978947368,0.0484976663376218,0.0,0.0568,0.0,0.05,0.38725951322751323,0.39089993650793653,0.0,0.0,0.6127404867724868,-1,0.0064,0.1572,0.17170526315789475,0.04597028892268101,0.1572,0.07113765951669834,8549,0.05083110178282792,label_flip_only,0.05,dhash16,256,spatial,pairwise,block_collision,mad,0.275,0.741
0.4693590610526316,0.467128412631579,0.044408990051304206,0.006,0.03,0.006,0.05,0.4454122328042328,0.45428846560846564,0.0036,0.0036,0.5545877671957672,-1,0.0096,0.006,0.01056842105263158,0.029013539651837523,0.006,0.009943652635067949,517,0.050219267223086714,label_flip_only,0.05,dhash16,256,spatial,pairwise,hash_spectral,mad,0.275,0.057
0.5572362778947368,0.45985979368421054,0.05663585140220592,0.0064,0.0432,0.0032,0.05,0.604714582010582,0.46379267724867723,0.0176,0.0024,0.604714582010582,1,0.0176,0.0008,0.003094736842105263,0.013422818791946308,0.0008,0.0015100037750094375,149,0.05010932579085675,label_flip_only,0.05,dhash16,256,spatial,pairwise,hash_stability,mad,0.275,0.032
0.4214481094736842,0.49647139368421056,0.04026261161175963,0.004,0.0284,0.0044,0.05,0.3690932063492063,0.4938976084656085,0.0012,0.0044,0.6309067936507937,-1,0.0156,0.0,0.00029473684210526316,0.0,0.0,0.0,14,0.05001400392109791,label_flip_only,0.05,blockhash,256,spatial,median,bit_llr,mad,0.385,0.1
0.4090316547368421,0.4377317010526316,0.046415251138660685,0.0,0.0,0.0,0.05,0.49163415873015875,0.5007500105820106,0.0,0.0,0.5083658412698413,-1,0.0,0.4732,0.33616842105263156,0.06897556993761297,0.4732,0.12040099740471223,17151,0.04009254467411489,label_flip_only,0.05,blockhash,256,spatial,median,bit_em,mad,0.385,0.924
0.4224074021052632,0.5200821936842105,0.04280240426880154,0.0128,0.044,0.0128,0.05,0.39002670899470904,0.5235133544973546,0.0048,0.0048,0.609973291005291,-1,0.0276,0.0024,0.001431578947368421,0.08108108108108109,0.0024,0.004662004662004662,74,0.04995393181909226,label_flip_only,0.05,blockhash,256,spatial,median,hamming_knn,mad,0.385,0.48
0.42540884631578946,0.4715641431578947,0.043022129061657796,0.0,0.0172,0.0,0.05,0.3999503068783068,0.4730710687830687,0.0032,0.0032,0.6000496931216932,-1,0.0032,0.0684,0.13208421052631578,0.0265321955003879,0.0684,0.03823365008384572,6445,0.053472620824245205,label_flip_only,0.05,blockhash,256,spatial,median,hamming_ball,mad,0.385,0.472
0.48356522947368424,0.4295563115789473,0.04870284426549563,0.0,0.0,0.0,0.05,0.4337699470899471,0.47636190476190476,0.0,0.02,0.5662300529100529,-1,0.02,0.0,0.017178947368421054,0.0,0.0,0.0,816,0.0508295380611581,label_flip_only,0.05,blockhash,256,spatial,median,block_collision,mad,0.385,0.739
0.495205692631579,0.4863478778947369,0.052698088038396415,0.0204,0.0708,0.0204,0.05,0.48003394708994707,0.47724850793650797,0.0056,0.0056,0.5199660529100529,-1,0.0136,0.0044,0.001431578947368421,0.13924050632911392,0.0044,0.008530438154323382,79,0.04985877686745057,label_flip_only,0.05,blockhash,256,spatial,median,hash_spectral,mad,0.385,0.06
0.55069928,0.5024759115789474,0.05979354725850865,0.0104,0.0576,0.006,0.05,0.5777123386243386,0.49771276190476194,0.0188,0.0108,0.5777123386243386,1,0.0188,0.0008,0.001957894736842105,0.021052631578947368,0.0008,0.0015414258188824663,95,0.05005510469892796,label_flip_only,0.05,blockhash,256,spatial,median,hash_stability,mad,0.385,0.066
0.4228457263157894,0.4718016505263158,0.03997046147254579,0.0056,0.0252,0.0044,0.05,0.3750503280423281,0.4598526984126984,0.0024,0.006,0.6249496719576719,-1,0.0112,0.0,0.00023157894736842104,0.0,0.0,0.0,11,0.05001100242053252,label_flip_only,0.05,phash,64,frequency,median,bit_llr,mad,0.717,0.07
0.4260300631578947,0.3890797305263158,0.039406697879291804,0.0,0.0,0.0,0.05,0.4100852486772486,0.4174740740740741,0.0008,0.0008,0.5899147513227514,-1,0.0068,0.0,0.039473684210526314,0.0,0.0,0.0,1875,0.05194805194805195,label_flip_only,0.05,phash,64,frequency,median,bit_em,mad,0.717,0.332
0.36494687578947366,0.4925694821052632,0.03760921041702282,0.0008,0.0112,0.0008,0.05,0.3118288677248677,0.4849371005291005,0.0008,0.0008,0.6881711322751323,-1,0.0232,0.0008,0.00848421052631579,0.0049382716049382715,0.0008,0.001376936316695353,405,0.05036798064321,label_flip_only,0.05,phash,64,frequency,median,hamming_knn,mad,0.717,0.476
0.3802360252631579,0.44493755789473693,0.0383737522254938,0.0008,0.0084,0.0008,0.05,0.3112824973544973,0.44585790476190473,0.0008,0.0008,0.6887175026455027,-1,0.0188,0.0028,0.02303157894736842,0.006357856494096276,0.0028,0.0038878089419605664,1101,0.05098263768175218,label_flip_only,0.05,phash,64,frequency,median,hamming_ball,mad,0.717,0.445
0.4552769515789473,0.47388298947368424,0.04286535016013475,0.0032,0.0208,0.0032,0.05,0.43748300529100537,0.462368,0.0036,0.0036,0.5625169947089946,-1,0.0084,0.0008,0.003326315789473684,0.0125,0.0008,0.0015037593984962407,160,0.050120385232744785,label_flip_only,0.05,phash,64,frequency,median,hash_spectral,mad,0.717,0.048
0.60311688,0.5382016084210527,0.07322910719947262,0.02,0.1124,0.0232,0.05,0.5787766349206349,0.5119454391534392,0.0048,0.0048,0.5787766349206349,1,0.0048,0.0232,0.00863157894736842,0.12393162393162394,0.0232,0.03908355795148248,468,0.04930146168133732,label_flip_only,0.05,phash,64,frequency,median,hash_stability,mad,0.717,0.032
0.4228457431578948,0.4718017094736842,0.039970464163103556,0.0056,0.0252,0.0044,0.05,0.3750503280423281,0.4598526984126984,0.0024,0.006,0.6249496719576719,-1,0.0112,0.0,0.00023157894736842104,0.0,0.0,0.0,11,0.05001100242053252,label_flip_only,0.05,phash_nodc,63,frequency,median,bit_llr,mad,0.724,0.064
0.42569226105263164,0.3892482821052632,0.03938432382049511,0.0,0.0,0.0,0.05,0.410091216931217,0.4179520423280424,0.0008,0.0008,0.589908783068783,-1,0.0068,0.0,0.039473684210526314,0.0,0.0,0.0,1875,0.05194805194805195,label_flip_only,0.05,phash_nodc,63,frequency,median,bit_em,mad,0.724,0.335
0.36494687578947366,0.4925694821052632,0.03760921041702282,0.0008,0.0112,0.0008,0.05,0.3118288677248677,0.4849371005291005,0.0008,0.0008,0.6881711322751323,-1,0.0232,0.0008,0.00848421052631579,0.0049382716049382715,0.0008,0.001376936316695353,405,0.05036798064321,label_flip_only,0.05,phash_nodc,63,frequency,median,hamming_knn,mad,0.724,0.461
0.3802360252631579,0.44493755789473693,0.0383737522254938,0.0008,0.0084,0.0008,0.05,0.3112824973544973,0.44585790476190473,0.0008,0.0008,0.6887175026455027,-1,0.0188,0.0028,0.02303157894736842,0.006357856494096276,0.0028,0.0038878089419605664,1101,0.05098263768175218,label_flip_only,0.05,phash_nodc,63,frequency,median,hamming_ball,mad,0.724,0.446
0.4645701052631579,0.4721380757894737,0.04425863811978667,0.0056,0.0324,0.0056,0.05,0.4369577142857143,0.46573561904761906,0.0044,0.0044,0.5630422857142857,-1,0.0068,0.0004,0.0018526315789473683,0.011235955056179775,0.0004,0.000772499034376207,89,0.050069123039009435,label_flip_only,0.05,phash_nodc,63,frequency,median,hash_spectral,mad,0.724,0.048
0.60311688,0.5382016084210527,0.07322910719947262,0.02,0.1124,0.0232,0.05,0.5787766349206349,0.5119454391534392,0.0048,0.0048,0.5787766349206349,1,0.0048,0.0232,0.00863157894736842,0.12393162393162394,0.0232,0.03908355795148248,468,0.04930146168133732,label_flip_only,0.05,phash_nodc,63,frequency,median,hash_stability,mad,0.724,0.032
0.417060012631579,0.4759372842105264,0.03940801202626886,0.0044,0.0212,0.0032,0.05,0.3704301798941799,0.4686581587301588,0.0036,0.0124,0.6295698201058201,-1,0.0152,0.0,0.0002736842105263158,0.0,0.0,0.0,13,0.05001300338087903,label_flip_only,0.05,phash_mean,64,frequency,mean,bit_llr,mad,0.66,0.071
0.3580029978947368,0.5784597978947368,0.03630977680188126,0.0,0.0,0.0,0.05,0.42073079365079363,0.5581802751322751,0.0076,0.0104,0.5792692063492064,-1,0.0104,0.0,0.0,0.0,0.0,0.0,0,0.05,label_flip_only,0.05,phash_mean,64,frequency,mean,bit_em,mad,0.66,0.324
0.3755158778947369,0.48408937684210523,0.03731211518315358,0.0,0.008,0.0,0.05,0.3255332486772487,0.48990497354497353,0.0008,0.0008,0.6744667513227514,-1,0.02,0.0,0.0075578947368421055,0.0,0.0,0.0,359,0.05036159626115509,label_flip_only,0.05,phash_mean,64,frequency,mean,hamming_knn,mad,0.66,0.49
0.37911603789473686,0.4465388715789474,0.038514750893734524,0.0008,0.0076,0.0008,0.05,0.337637164021164,0.454472,0.0024,0.0024,0.662362835978836,-1,0.0024,0.01,0.05212631578947369,0.009996001599360257,0.01,0.009998000399920015,2501,0.05210636013389756,label_flip_only,0.05,phash_mean,64,frequency,mean,hamming_ball,mad,0.66,0.489
0.5346851705263158,0.5197328294736843,0.057671265321452087,0.0164,0.0704,0.0164,0.05,0.539621544973545,0.5288033015873016,0.008,0.008,0.539621544973545,1,0.0092,0.002,0.0013894736842105264,0.07042253521126761,0.002,0.0038895371450797353,71,0.049970958761441246,label_flip_only,0.05,phash_mean,64,frequency,mean,hash_spectral,mad,0.66,0.054
0.4597553894736843,0.5075582063157895,0.04617527778827367,0.0056,0.042,0.006,0.05,0.4305244867724868,0.48630467724867726,0.0036,0.004,0.5694755132275132,-1,0.0036,0.0028,0.0023578947368421053,0.058823529411764705,0.0028,0.005345551737304314,119,0.04997894990076382,label_flip_only,0.05,phash_mean,64,frequency,mean,hash_stability,mad,0.66,0.031
0.4240594947368421,0.48025401263157896,0.04011790988519383,0.0048,0.0232,0.0052,0.05,0.3793562751322751,0.4714288677248678,0.0036,0.0088,0.6206437248677249,-1,0.0104,0.0,0.00031578947368421053,0.0,0.0,0.0,15,0.05001500450135041,label_flip_only,0.05,phash16,256,frequency,median,bit_llr,mad,0.683,0.112
0.44458417684210527,0.425603907368421,0.04107171496466852,0.0,0.0,0.0,0.05,0.411274328042328,0.3989972486772486,0.0008,0.0008,0.588725671957672,-1,0.0048,0.0,0.12667368421052633,0.0,0.0,0.0,6017,0.05684014278243867,label_flip_only,0.05,phash16,256,frequency,median,bit_em,mad,0.683,0.927
0.3602745852631579,0.46340047157894737,0.0364648783729637,0.002,0.0128,0.002,0.05,0.28421650793650793,0.47007631746031747,0.0,0.0,0.715783492063492,-1,0.0384,0.002,0.010168421052631578,0.010245901639344262,0.002,0.0033467202141900937,488,0.05039182420423332,label_flip_only,0.05,phash16,256,frequency,median,hamming_knn,mad,0.683,0.499
0.3735736042105263,0.4558834021052631,0.03839370753074369,0.002,0.0148,0.002,0.05,0.2952788571428571,0.4406516402116402,0.0012,0.0012,0.7047211428571429,-1,0.014,0.0024,0.012757894736842105,0.00980392156862745,0.0024,0.0038560411311053984,612,0.05049809670365271,label_flip_only,0.05,phash16,256,frequency,median,hamming_ball,mad,0.683,0.473
0.4539661473684211,0.46906191578947376,0.042980920788706814,0.0044,0.0252,0.0044,0.05,0.4285688888888889,0.4527299047619047,0.0004,0.0004,0.5714311111111111,-1,0.0104,0.0028,0.008021052631578948,0.01804123711340206,0.0028,0.004847645429362881,388,0.05024993953075869,label_flip_only,0.05,phash16,256,frequency,median,hash_spectral,mad,0.683,0.057
0.6256894147368423,0.4891139200000001,0.07243691520830142,0.0104,0.0728,0.0056,0.05,0.6832364444444445,0.5091004021164022,0.0412,0.0056,0.6832364444444445,1,0.0412,0.0004,0.0014736842105263158,0.014084507042253521,0.0004,0.0007779074290159471,71,0.05005107252298264,label_flip_only,0.05,phash16,256,frequency,median,hash_stability,mad,0.683,0.033
0.43989917473684215,0.4874326947368421,0.041851805048923954,0.0036,0.0276,0.008,0.05,0.4066593015873016,0.47845616931216933,0.0036,0.01,0.5933406984126983,-1,0.0152,0.0,0.0001263157894736842,0.0,0.0,0.0,6,0.05000600072008641,label_flip_only,0.05,pdq,256,frequency,median,bit_llr,mad,3.195,0.108
0.5226728336842105,0.4854757642105263,0.054884446458598704,0.0,0.0408,0.0,0.05,0.43880554497354496,0.42006543915343914,0.0012,0.0012,0.561194455026455,-1,0.0068,0.2292,0.16345263157894738,0.06872975890608132,0.2292,0.1057488234751315,8337,0.04625207018217603,label_flip_only,0.05,pdq,256,frequency,median,bit_em,mad,3.195,0.955
0.36293205894736846,0.48284576,0.036858346348231354,0.002,0.016,0.002,0.05,0.2958713227513228,0.4712954920634921,0.0004,0.0004,0.7041286772486772,-1,0.0228,0.0016,0.008421052631578947,0.009900990099009901,0.0016,0.0027548209366391185,404,0.05032663924510041,label_flip_only,0.05,pdq,256,frequency,median,hamming_knn,mad,3.195,0.5
0.3543821852631579,0.43437759157894734,0.038185630346630056,0.0,0.006,0.0,0.05,0.3071047195767196,0.48790560846560843,0.0,0.0,0.6928952804232804,-1,0.0276,0.0,0.010294736842105263,0.0,0.0,0.0,489,0.05049382965401628,label_flip_only,0.05,pdq,256,frequency,median,hamming_ball,mad,3.195,0.499
0.5109573347368421,0.505224892631579,0.05238099035894819,0.0096,0.0624,0.0096,0.05,0.5164075767195766,0.5075094603174604,0.01,0.01,0.5164075767195766,1,0.01,0.0024,0.0029473684210526317,0.0410958904109589,0.0024,0.0045351473922902496,146,0.05002607614233562,label_flip_only,0.05,pdq,256,frequency,median,hash_spectral,mad,3.195,0.062
0.6085064126315789,0.4781624,0.06839633099310206,0.01,0.07,0.0036,0.05,0.6882691640211641,0.4891090793650794,0.0296,0.0044,0.6882691640211641,1,0.0296,0.0012,0.0016210526315789473,0.0375,0.0012,0.002325581395348837,80,0.050020032051282054,label_flip_only,0.05,pdq,256,frequency,median,hash_stability,mad,3.195,0.032
0.4249981557894737,0.4997377978947369,0.0401774586732522,0.0,0.0212,0.0,0.05,0.39638167195767193,0.5054453756613757,0.004,0.012,0.6036183280423281,-1,0.012,0.0,0.0012210526315789474,0.0,0.0,0.0,58,0.050058067358135436,label_flip_only,0.05,whash_haar,64,wavelet,median,bit_llr,mad,0.704,0.061
0.4497807115789474,0.46626361684210527,0.04753853764230145,0.0,0.0,0.0,0.05,0.42444059259259254,0.5402294603174603,0.0,0.0,0.5755594074074075,-1,0.0,0.0,0.3276842105263158,0.0,0.0,0.0,15565,0.0726005517641934,label_flip_only,0.05,whash_haar,64,wavelet,median,bit_em,mad,0.704,0.301
0.4383539452631579,0.49722021473684214,0.04422695164527842,0.0092,0.0488,0.0092,0.05,0.39070086772486773,0.48226150264550266,0.0028,0.0,0.6092991322751322,-1,0.0244,0.0,4.210526315789474e-05,0.0,0.0,0.0,2,0.0500020000800032,label_flip_only,0.05,whash_haar,64,wavelet,median,hamming_knn,mad,0.704,0.456
0.5123406778947368,0.18476337263157894,0.056636395618743104,0.0,0.0,0.0,0.05,0.4155351111111111,0.4155351111111111,0.0028,0.0028,0.5844648888888889,-1,0.0028,0.0156,0.16073684210526315,0.0050820953870211105,0.0156,0.0076666011401611955,7674,0.05814393044464396,label_flip_only,0.05,whash_haar,64,wavelet,median,hamming_ball,mad,0.704,0.474
0.4294928631578947,0.48054309894736835,0.04449217660260657,0.0,0.0572,0.0,0.05,0.3958321693121693,0.46765134391534396,0.0,0.0,0.6041678306878306,-1,0.0096,0.1176,0.10338947368421053,0.05648414985590778,0.1176,0.07631408176508761,5205,0.04924656769728764,label_flip_only,0.05,whash_haar,64,wavelet,median,block_collision,mad,0.704,0.174
0.47246103578947374,0.47749476210526315,0.04517244452949212,0.0012,0.0404,0.0012,0.05,0.4515787513227513,0.47860334391534387,0.0052,0.0052,0.5484212486772486,-1,0.0092,0.0,0.0003578947368421053,0.0,0.0,0.0,17,0.05001700578196587,label_flip_only,0.05,whash_haar,64,wavelet,median,hash_spectral,mad,0.704,0.054
0.39306345263157894,0.5292523031578947,0.03935966714244922,0.0016,0.0196,0.0016,0.05,0.39068639153439155,0.5193397671957672,0.0036,0.0044,0.6093136084656084,-1,0.0124,0.0,0.0021473684210526318,0.0,0.0,0.0,102,0.050102208505350916,label_flip_only,0.05,whash_haar,64,wavelet,median,hash_stability,mad,0.704,0.035
0.4450204715789474,0.4802376589473684,0.04176055014954398,0.0,0.0048,0.0,0.05,0.41063525925925926,0.483895619047619,0.0048,0.01,0.5893647407407407,-1,0.01,0.0,0.004231578947368421,0.0,0.0,0.0,201,0.05020181128135103,label_flip_only,0.05,whash_db4,169,wavelet,median,bit_llr,mad,1.801,0.087
0.31759047578947375,0.6562918947368421,0.04994189733068125,0.0,0.0,0.0,0.05,0.44693549206349215,0.5502588783068784,0.0,0.0,0.5530645079365079,-1,0.0,0.56,0.3897894736842105,0.070298769771529,0.56,0.12491635065804149,19915,0.03656307129798903,label_flip_only,0.05,whash_db4,169,wavelet,median,bit_em,mad,1.801,0.767
0.4497498821052631,0.4728577557894737,0.0430092208604265,0.0,0.0204,0.0,0.05,0.4098090158730159,0.46084084656084656,0.0028,0.0024,0.5901909841269841,-1,0.0132,0.0,0.0,0.0,0.0,0.0,0,0.05,label_flip_only,0.05,whash_db4,169,wavelet,median,hamming_knn,mad,1.801,0.54
0.4727848926315789,0.3265066778947368,0.04937160663193171,0.0,0.0,0.0,0.05,0.4369145396825397,0.4369145396825397,0.004,0.004,0.5630854603174603,-1,0.004,0.0208,0.1072,0.01010886469673406,0.0208,0.013605442176870748,5144,0.05457463884430177,label_flip_only,0.05,whash_db4,169,wavelet,median,hamming_ball,mad,1.801,0.464
0.4717222905263158,0.4858174821052631,0.04493031900082591,0.0,0.0328,0.0,0.05,0.4677526349206349,0.49450141798941794,0.0104,0.0104,0.5322473650793651,-1,0.0124,0.0,0.0019789473684210528,0.0,0.0,0.0,94,0.05009417705285937,label_flip_only,0.05,whash_db4,169,wavelet,median,hash_spectral,mad,1.801,0.056
0.46307825684210524,0.5180199873684211,0.04694472175147235,0.0088,0.0404,0.0124,0.05,0.44115513227513237,0.5373421375661376,0.0088,0.0124,0.5588448677248676,-1,0.0176,0.0024,0.0023789473684210525,0.05042016806722689,0.0024,0.004581901489117984,119,0.04999899761432209,label_flip_only,0.05,whash_db4,169,wavelet,median,hash_stability,mad,1.801,0.036
0.41924728842105263,0.46288385263157894,0.03935079891538333,0.0032,0.0184,0.0028,0.05,0.3666652698412699,0.44270184126984125,0.0012,0.002,0.6333347301587301,-1,0.0108,0.0,0.0004631578947368421,0.0,0.0,0.0,22,0.05002200968426108,label_flip_only,0.05,mh,64,frequency,mean,bit_llr,mad,1.105,0.064
0.5394053136842105,0.5408664336842105,0.07234786914334738,0.0,0.168,0.0,0.05,0.4569151322751323,0.461778708994709,0.0044,0.0044,0.5430848677248676,-1,0.0064,0.1904,0.05347368421052632,0.15782493368700265,0.1904,0.17258883248730963,3016,0.04307849480674272,label_flip_only,0.05,mh,64,frequency,mean,bit_em,mad,1.105,0.311
0.3677722694736842,0.49857703157894734,0.03681024917320241,0.0004,0.0112,0.0004,0.05,0.30911255026455026,0.495018455026455,0.0028,0.0028,0.6908874497354498,-1,0.0348,0.0004,0.00888421052631579,0.002364066193853428,0.0004,0.0006842285323297981,423,0.05040643846945156,label_flip_only,0.05,mh,64,frequency,mean,hamming_knn,mad,1.105,0.453
0.37326101473684214,0.4533753810526316,0.03827274734677413,0.0,0.012,0.0,0.05,0.31123297354497353,0.4561222433862434,0.0016,0.0016,0.6887670264550265,-1,0.0016,0.0096,0.03987368421052632,0.01251303441084463,0.0096,0.010864644635581712,1918,0.05149536208976332,label_flip_only,0.05,mh,64,frequency,mean,hamming_ball,mad,1.105,0.469
0.38450623157894737,0.6102713768421053,0.048252344818345845,0.0176,0.0552,0.0176,0.05,0.34484033862433866,0.4370845714285714,0.0024,0.0024,0.6551596613756614,-1,0.0024,0.084,0.06574736842105264,0.063006300630063,0.084,0.07200411452082976,3333,0.04907107806372812,label_flip_only,0.05,mh,64,frequency,mean,block_collision,mad,1.105,0.165
0.45743887157894736,0.4763408168421053,0.04326281239523028,0.0028,0.0252,0.0028,0.05,0.4410866455026454,0.47086349206349204,0.0056,0.0056,0.5589133544973546,-1,0.0088,0.0,0.003431578947368421,0.0,0.0,0.0,163,0.050163533117964565,label_flip_only,0.05,mh,64,frequency,mean,hash_spectral,mad,1.105,0.054
0.4848233852631579,0.49337594947368424,0.04772710934328066,0.0076,0.0316,0.0088,0.05,0.46805726984126983,0.45940567195767196,0.0064,0.0068,0.5319427301587302,-1,0.0064,0.0068,0.006252631578947368,0.054140127388535034,0.0068,0.012082444918265814,314,0.0499738356881214,label_flip_only,0.05,mh,64,frequency,mean,hash_stability,mad,1.105,0.032
0.4033720294736842,0.46905104842105266,0.039157449325852134,0.0,0.0,0.0,0.05,0.3032851216931217,0.48015707936507934,0.0032,0.0048,0.6967148783068783,-1,0.038,0.0,0.03618947368421053,0.0,0.0,0.0,1719,0.051780203392638925,label_flip_only,0.05,colorhash,42,colour,quantisation,bit_llr,mad,2.944,0.054
0.4297505810526316,0.49905431999999994,0.04344697757890519,0.0,0.0,0.0,0.05,0.3247984761904762,0.39214814814814813,0.0,0.0,0.6752015238095238,-1,0.012,0.2412,0.4116,0.02991961893420661,0.2412,0.05323563167652512,20154,0.0635596059773504,label_flip_only,0.05,colorhash,42,colour,quantisation,bit_em,mad,2.944,0.262
0.46658909473684207,0.5180213389473685,0.05342269935657679,0.0,0.0,0.0072,0.05,0.3877166984126984,0.5186966772486772,0.0,0.0244,0.6122833015873016,-1,0.0244,0.004,0.007978947368421052,0.02570694087403599,0.004,0.006922810661128418,389,0.050190481949567635,label_flip_only,0.05,colorhash,42,colour,quantisation,hamming_knn,mad,2.944,0.35
0.42997319157894737,0.4604187747368421,0.04517279662324511,0.0,0.0,0.0,0.05,0.384986328042328,0.4168488888888889,0.0,0.0,0.615013671957672,-1,0.0,0.2552,0.26618947368421053,0.048034934497816595,0.2552,0.08085160309213027,13282,0.050710823029576774,label_flip_only,0.05,colorhash,42,colour,quantisation,hamming_ball,mad,2.944,0.332
0.45910872,0.48011010947368415,0.04446994712547772,0.0,0.0,0.0,0.05,0.4752263703703704,0.46976012698412695,0.0044,0.0084,0.5247736296296296,-1,0.0084,0.0,0.006736842105263158,0.0,0.0,0.0,320,0.05032206119162641,label_flip_only,0.05,colorhash,42,colour,quantisation,hash_spectral,mad,2.944,0.043
0.5455448421052632,0.49667309473684207,0.05559789446693681,0.0056,0.0208,0.0056,0.05,0.5365476402116401,0.5224973121693122,0.0056,0.0056,0.5365476402116401,1,0.0056,0.0012,0.0009052631578947368,0.06521739130434782,0.0012,0.002356637863315004,46,0.049985987108139486,label_flip_only,0.05,colorhash,42,colour,quantisation,hash_stability,mad,2.944,0.031
0.4364526063157895,0.4766766442105263,0.041275211009507366,0.0036,0.024,0.006,0.05,0.40318425396825397,0.46505701587301584,0.0024,0.0044,0.596815746031746,-1,0.0104,0.0,0.0003368421052631579,0.0,0.0,0.0,16,0.05001600512163892,label_flip_only,0.05,rhash8,64,residual,zero,bit_llr,mad,0.659,0.063
0.4927620757894736,0.49943868210526315,0.05290682169722395,0.0,0.0312,0.0,0.05,0.44291614814814817,0.4265031957671957,0.0036,0.0036,0.5570838518518518,-1,0.0088,0.176,0.08835789473684211,0.09488893681259435,0.176,0.12330110690766428,4637,0.045411458677777045,label_flip_only,0.05,rhash8,64,residual,zero,bit_em,mad,0.659,0.336
0.4194367368421053,0.45296611789473684,0.04092553375093024,0.0044,0.0228,0.0044,0.05,0.3716197671957672,0.46553456084656086,0.002,0.002,0.6283802328042327,-1,0.0192,0.0016,0.004757894736842105,0.017391304347826087,0.0016,0.0029304029304029304,230,0.05015069318866787,label_flip_only,0.05,rhash8,64,residual,zero,hamming_knn,mad,0.659,0.487
0.4040517136842105,0.4989855157894737,0.041911523045134014,0.0076,0.0384,0.0076,0.05,0.37445693121693124,0.4528388571428571,0.0024,0.0024,0.6255430687830688,-1,0.0036,0.0144,0.019326315789473685,0.03773584905660377,0.0144,0.020845396641574986,954,0.05023855156383803,label_flip_only,0.05,rhash8,64,residual,zero,hamming_ball,mad,0.659,0.484
0.5716749431578947,0.43290798315789475,0.059675899278540695,0.0176,0.0456,0.0176,0.05,0.42110823280423276,0.4485743068783068,0.0028,0.0028,0.5788917671957672,-1,0.0028,0.026,0.018631578947368423,0.06842105263157895,0.026,0.03768115942028986,950,0.04964322120285423,label_flip_only,0.05,rhash8,64,residual,zero,block_collision,mad,0.659,0.163
0.47565364631578944,0.4915696084210526,0.0462640071675446,0.0068,0.0372,0.0068,0.05,0.45980444444444446,0.48391301587301594,0.0032,0.0032,0.5401955555555555,-1,0.0128,0.0044,0.008294736842105263,0.027160493827160494,0.0044,0.007573149741824441,405,0.050186510736969454,label_flip_only,0.05,rhash8,64,residual,zero,hash_spectral,mad,0.659,0.052
0.5677925810526316,0.4323361684210526,0.05816662795246492,0.0016,0.0308,0.0012,0.05,0.6145699047619047,0.48850222222222217,0.0112,0.002,0.6145699047619047,1,0.0112,0.0,0.0014736842105263158,0.0,0.0,0.0,70,0.05007009813739235,label_flip_only,0.05,rhash8,64,residual,zero,hash_stability,mad,0.659,0.038
0.43158646315789473,0.48117277894736843,0.04160956952083401,0.008,0.03,0.0144,0.05,0.39471610582010574,0.47159813756613755,0.0032,0.0076,0.6052838941798943,-1,0.0164,0.0048,0.0020631578947368423,0.10909090909090909,0.0048,0.009195402298850575,110,0.049869713369412705,label_flip_only,0.05,rhash16,256,residual,zero,bit_llr,mad,0.7,0.113
0.5140341221052631,0.5229610273684211,0.05356171657939904,0.0,0.0,0.0,0.05,0.4658736084656085,0.4116441904761905,0.0,0.0,0.5341263915343915,-1,0.0,0.1748,0.14122105263157894,0.061161651504548636,0.1748,0.09061689994815966,7145,0.04813907362034769,label_flip_only,0.05,rhash16,256,residual,zero,bit_em,mad,0.7,1.117
0.3857436168421053,0.47870760421052627,0.03793538313181914,0.0048,0.022,0.0048,0.05,0.32615183068783077,0.47189413756613763,0.01,0.01,0.6738481693121692,-1,0.0344,0.0084,0.013242105263157895,0.03230769230769231,0.0084,0.013333333333333334,650,0.050233029381965555,label_flip_only,0.05,rhash16,256,residual,zero,hamming_knn,mad,0.7,0.507
0.3926364842105263,0.4997774989473684,0.041711551314966615,0.0092,0.0296,0.0092,0.05,0.33240334391534393,0.43108808465608467,0.004,0.004,0.667596656084656,-1,0.004,0.0296,0.04286315789473684,0.035071090047393366,0.0296,0.03210412147505423,2110,0.05065775736061808,label_flip_only,0.05,rhash16,256,residual,zero,hamming_ball,mad,0.7,0.499
0.39906940631578947,0.5943641936842107,0.05238064944593432,0.0328,0.0764,0.0328,0.05,0.37643161904761907,0.4392642116402116,0.0056,0.0056,0.6235683809523809,-1,0.0056,0.1208,0.08458947368421052,0.0699074074074074,0.1208,0.08856304985337243,4320,0.048117338003502624,label_flip_only,0.05,rhash16,256,residual,zero,block_collision,mad,0.7,0.753
0.4322244715789474,0.4629272757894737,0.040800635738966,0.004,0.0236,0.004,0.05,0.399847873015873,0.44923115343915343,0.0076,0.0076,0.600152126984127,-1,0.0124,0.0088,0.016526315789473684,0.027261462205700124,0.0088,0.013305110371938312,807,0.05037302055170451,label_flip_only,0.05,rhash16,256,residual,zero,hash_spectral,mad,0.7,0.07
0.5921667578947368,0.4929938484210526,0.06498356677325537,0.0124,0.0684,0.008,0.05,0.6296786031746032,0.4769733333333333,0.0124,0.0072,0.6296786031746032,1,0.0124,0.004,0.0054736842105263155,0.037037037037037035,0.004,0.007220216606498195,270,0.05007038005228232,label_flip_only,0.05,rhash16,256,residual,zero,hash_stability,mad,0.7,0.036
0.43289392,0.44150439157894733,0.0406111873744279,0.0024,0.0296,0.0012,0.05,0.38046907936507934,0.40820601058201056,0.0004,0.0004,0.6195309206349207,-1,0.0112,0.0,0.002863157894736842,0.0,0.0,0.0,136,0.05013637092892668,label_flip_only,0.05,rhash32,1024,residual,zero,bit_llr,mad,0.593,0.337
0.49839319157894735,0.19971881684210527,0.04950834416911447,0.0,0.0,0.0,0.05,0.41393219047619045,0.39123724867724863,0.0,0.0,0.5860678095238095,-1,0.0,0.0,0.32498947368421055,0.0,0.0,0.0,15437,0.07233168417093423,label_flip_only,0.05,rhash32,1024,residual,zero,bit_em,mad,0.593,5.048
0.3752107410526316,0.4792947957894737,0.03671311675412338,0.0,0.0096,0.0,0.05,0.3028502433862434,0.4789583915343915,0.0004,0.0004,0.6971497566137566,-1,0.0452,0.004,0.03648421052631579,0.005737234652897304,0.004,0.0047136460051850106,1743,0.0515987317902066,label_flip_only,0.05,rhash32,1024,residual,zero,hamming_knn,mad,0.593,0.613
0.42853183157894736,0.4389569263157895,0.04603174492211556,0.0072,0.05,0.0072,0.05,0.31756795767195767,0.39820990476190476,0.0004,0.0004,0.6824320423280423,-1,0.0004,0.0876,0.09932631578947368,0.0443589224225238,0.0876,0.05889471561113352,4937,0.05061802365577081,label_flip_only,0.05,rhash32,1024,residual,zero,hamming_ball,mad,0.593,0.602
0.4247332,0.5165674610526316,0.049269740156035885,0.0388,0.0544,0.0388,0.05,0.38810091005291,0.5121551322751323,0.0,0.0,0.61189908994709,-1,0.0268,0.052,0.027178947368421053,0.09148486980999296,0.052,0.06630961489415965,1421,0.04878651269066881,label_flip_only,0.05,rhash32,1024,residual,zero,block_collision,mad,0.593,3.381
0.4325821052631579,0.45255005052631575,0.04050172702493696,0.0,0.0128,0.0,0.05,0.394799619047619,0.43568562962962964,0.004,0.004,0.6052003809523809,-1,0.0128,0.0028,0.028526315789473684,0.005139500734214391,0.0028,0.0036250647332988087,1362,0.05125621941691681,label_flip_only,0.05,rhash32,1024,residual,zero,hash_spectral,mad,0.593,0.226
0.6232450821052631,0.5178568884210526,0.07402639108537454,0.0124,0.0944,0.006,0.05,0.6735388783068783,0.5214885502645502,0.0284,0.0044,0.6735388783068783,1,0.0284,0.0032,0.005536842105263158,0.02952029520295203,0.0032,0.00577408877661494,271,0.05011160489855014,label_flip_only,0.05,rhash32,1024,residual,zero,hash_stability,mad,0.593,0.04
0.41537130105263165,0.48017996210526315,0.0399793202050985,0.0072,0.0292,0.0144,0.05,0.3730884232804233,0.46706937566137563,0.0036,0.0116,0.6269115767195768,-1,0.02,0.0052,0.0023157894736842107,0.10569105691056911,0.0052,0.009912314144109797,123,0.04986266214888626,label_flip_only,0.05,rhash_rgb,768,residual,zero,bit_llr,mad,1.81,0.218
0.3019206736842105,0.4129403621052632,0.03578967448767625,0.0,0.0,0.0,0.05,0.45710399999999995,0.49141900529100524,0.0,0.0,0.542896,-1,0.0,0.0,0.18147368421052631,0.0,0.0,0.0,8620,0.06041565973900435,label_flip_only,0.05,rhash_rgb,768,residual,zero,bit_em,mad,1.81,3.586
0.41839445052631585,0.4684538736842105,0.040234446622367775,0.0084,0.0292,0.008,0.05,0.3674806772486772,0.4470505396825396,0.0088,0.0088,0.6325193227513228,-1,0.0124,0.01,0.01425263157894737,0.03561253561253561,0.01,0.01561524047470331,702,0.0502048764655767,label_flip_only,0.05,rhash_rgb,768,residual,zero,hamming_knn,mad,1.81,0.576
0.44388640842105265,0.4384618021052632,0.04435031839158568,0.0056,0.036,0.0056,0.05,0.37292173544973545,0.41230006349206355,0.004,0.004,0.6270782645502646,-1,0.004,0.028,0.03736842105263158,0.037940379403794036,0.028,0.03222094361334868,1845,0.05046204963139861,label_flip_only,0.05,rhash_rgb,768,residual,zero,hamming_ball,mad,1.81,0.547
0.4564108463157895,0.4810026736842105,0.04507230165170262,0.0,0.0092,0.0,0.05,0.3680656084656085,0.4405409100529101,0.0068,0.0068,0.6319343915343916,-1,0.0068,0.0276,0.060463157894736844,0.023461407684461068,0.0276,0.025362984745451202,2941,0.05165855628041395,label_flip_only,0.05,rhash_rgb,768,residual,zero,block_collision,mad,1.81,2.127
0.43704627368421045,0.4671688715789474,0.041439076189765896,0.0068,0.0268,0.0068,0.05,0.40888296296296295,0.4530073227513227,0.0076,0.0076,0.5911170370370371,-1,0.012,0.01,0.018589473684210527,0.02753303964757709,0.01,0.014671361502347418,908,0.05041554632119286,label_flip_only,0.05,rhash_rgb,768,residual,zero,hash_spectral,mad,1.81,0.143
0.5916678063157895,0.48061291368421044,0.0627600559371697,0.0088,0.0608,0.0072,0.05,0.6410688677248678,0.47930814814814804,0.014,0.008,0.6410688677248678,1,0.014,0.0036,0.006021052631578947,0.030508474576271188,0.0036,0.0064400715563506265,295,0.05011568252690876,label_flip_only,0.05,rhash_rgb,768,residual,zero,hash_stability,mad,1.81,0.038
0.3390241305263158,0.4943566989473684,0.03410477247183861,0.0,0.0064,0.0004,0.05,0.24806730158730156,0.5055493333333334,0.0008,0.028,0.7519326984126984,-1,0.028,0.0,0.0006736842105263158,0.0,0.0,0.0,32,0.05003202049311559,label_flip_only,0.05,rhash_energy,256,residual,mean,bit_llr,mad,0.712,0.108
0.44184659368421053,0.5041902778947369,0.06760328649966807,0.0,0.1476,0.0,0.05,0.26422061375661376,0.30876300529100525,0.0,0.0,0.7357793862433862,-1,0.0,0.2364,0.2024842105263158,0.05789009697325889,0.2364,0.0930049571170037,10209,0.04797567289085471,label_flip_only,0.05,rhash_energy,256,residual,mean,bit_em,mad,0.712,1.088
0.3195025810526315,0.4957192673684211,0.03320507455433362,0.0,0.0016,0.0,0.05,0.23042120634920632,0.5088836402116402,0.0,0.0,0.7695787936507936,-1,0.0848,0.0,0.0006947368421052632,0.0,0.0,0.0,33,0.05003302179438429,label_flip_only,0.05,rhash_energy,256,residual,mean,hamming_knn,mad,0.712,0.479
0.5064774357894737,0.16999005894736843,0.062402964832996434,0.0,0.0,0.0,0.05,0.3489756190476191,0.3489756190476191,0.0004,0.0004,0.6510243809523809,-1,0.0004,0.0064,0.16802105263157896,0.0020007502813555083,0.0064,0.0030484900447746975,7997,0.059138632954788946,label_flip_only,0.05,rhash_energy,256,residual,mean,hamming_ball,mad,0.712,0.467
0.32884657263157896,0.6903219831578947,0.04282325297899442,0.0,0.0,0.0,0.05,0.32301180952380953,0.6557382433862434,0.0,0.0664,0.6769881904761905,-1,0.0664,0.5712,0.1760421052631579,0.14586312563840653,0.5712,0.2323840520748576,9790,0.02666003481720965,label_flip_only,0.05,rhash_energy,256,residual,mean,block_collision,mad,0.712,0.731
0.49532853052631576,0.48312802105263153,0.049345066234254935,0.0112,0.046,0.0112,0.05,0.4853888677248677,0.4744455026455026,0.0104,0.0104,0.5146111322751323,-1,0.0104,0.0032,0.0015157894736842106,0.1,0.0032,0.006201550387596899,80,0.0499198717948718,label_flip_only,0.05,rhash_energy,256,residual,mean,hash_spectral,mad,0.712,0.063
0.4040591663157895,0.5431222021052632,0.0401584590873698,0.0052,0.0316,0.0216,0.05,0.37840537566137566,0.5424442751322751,0.0068,0.006,0.6215946243386243,-1,0.0068,0.0076,0.0028210526315789472,0.12418300653594772,0.0076,0.014323407463249152,153,0.049772303247938694,label_flip_only,0.05,rhash_energy,256,residual,mean,hash_stability,mad,0.712,0.047
0.4310990315789474,0.4790272336842106,0.04138917785373471,0.0076,0.0288,0.0108,0.05,0.3929367195767196,0.47139250793650794,0.0028,0.0068,0.6070632804232804,-1,0.014,0.004,0.0023578947368421053,0.08196721311475409,0.004,0.007627765064836003,122,0.04992180921448334,label_flip_only,0.05,ahash_res,256,residual,mean,bit_llr,mad,0.71,0.129
0.5241848421052632,0.5316229557894737,0.05571753443498892,0.0,0.0,0.0,0.05,0.46817515343915345,0.41438967195767196,0.0,0.0,0.5318248465608466,-1,0.0,0.31,0.15336842105263157,0.09615384615384616,0.31,0.14678030303030304,8060,0.04113018597997139,label_flip_only,0.05,ahash_res,256,residual,mean,bit_em,mad,0.71,1.103
0.39136197052631577,0.47650888421052634,0.03827102619909511,0.0048,0.0216,0.0048,0.05,0.32557502645502645,0.47050713227513224,0.0096,0.0096,0.6744249735449735,-1,0.0408,0.008,0.013768421052631579,0.02967359050445104,0.008,0.01260239445494644,674,0.050277743988971335,label_flip_only,0.05,ahash_res,256,residual,mean,hamming_knn,mad,0.71,0.517
0.38241767157894735,0.4728618147368422,0.04040070839853499,0.0064,0.0256,0.0064,0.05,0.3358030052910053,0.4489398941798942,0.0032,0.0032,0.6641969947089947,-1,0.0032,0.0212,0.0376,0.028820010875475803,0.0212,0.02442959207190597,1839,0.05080874566558003,label_flip_only,0.05,ahash_res,256,residual,mean,hamming_ball,mad,0.71,0.485
0.4010260842105263,0.5953143284210527,0.052908032112430045,0.016,0.0848,0.016,0.05,0.37746747089947086,0.44057092063492065,0.0056,0.0056,0.6225325291005291,-1,0.0056,0.13,0.086,0.07369614512471655,0.13,0.09406657018813314,4410,0.047707830664619436,label_flip_only,0.05,ahash_res,256,residual,mean,block_collision,mad,0.71,0.822
0.42947582315789473,0.46450190315789475,0.04055776541610564,0.0028,0.0228,0.0028,0.05,0.39949951322751326,0.45104313227513226,0.008,0.008,0.6005004867724868,-1,0.0136,0.0084,0.016294736842105265,0.026415094339622643,0.0084,0.012746585735963581,795,0.0503810588354842,label_flip_only,0.05,ahash_res,256,residual,mean,hash_spectral,mad,0.71,0.061
0.5958955747368421,0.4959143663157895,0.06597539050831976,0.0132,0.0696,0.0084,0.05,0.6280279365079366,0.482208380952381,0.0156,0.008,0.6280279365079366,1,0.0156,0.004,0.0049684210526315786,0.04065040650406504,0.004,0.007283321194464676,246,0.05004622743899988,label_flip_only,0.05,ahash_res,256,residual,mean,hash_stability,mad,0.71,0.033
