hash,n_bits,family,threshold,bit_agreement,circ_n_mult,circ_n_and,circ_n_cmp,circ_n_eq,circ_n_b2a,circ_n_trunc,circ_n_local_mac,circ_rounds,protocol,rounds,and_gates,mults,online_bits,online_MB,offline_MB,online_bits_per_item,time_ms,latency_ms,bandwidth_ms,network
ahash,64,spatial,mean,1.0,0,0,64,0,0,1344,13312,6,"3PC replicated (ABY3-style, semi-honest, Z_2^64)",6,20544,0,61632,0.007704,0.0,61632.0,1.220544,1.2000000000000002,0.020544,LAN
ahash,64,spatial,mean,1.0,0,0,64,0,0,1344,13312,6,"3PC replicated (ABY3-style, semi-honest, Z_2^64)",6,20544,0,61632,0.007704,0.0,61632.0,240.20544,240.0,0.20544,WAN
ahash,64,spatial,mean,1.0,0,0,64,0,0,1344,13312,6,"2PC SPDZ-style (semi-honest, Beaver triples, Z_2^64)",7,20544,0,254208,0.031776,0.657408,254208.0,1.527104,1.4000000000000001,0.127104,LAN
ahash,64,spatial,mean,1.0,0,0,64,0,0,1344,13312,6,"2PC SPDZ-style (semi-honest, Beaver triples, Z_2^64)",7,20544,0,254208,0.031776,0.657408,254208.0,281.27104,280.0,1.27104,WAN
ahash16,256,spatial,mean,1.0,0,0,256,0,0,1792,27648,6,"3PC replicated (ABY3-style, semi-honest, Z_2^64)",6,82176,0,246528,0.030816,0.0,246528.0,1.2821760000000002,1.2000000000000002,0.082176,LAN
ahash16,256,spatial,mean,1.0,0,0,256,0,0,1792,27648,6,"3PC replicated (ABY3-style, semi-honest, Z_2^64)",6,82176,0,246528,0.030816,0.0,246528.0,240.82176,240.0,0.82176,WAN
ahash16,256,spatial,mean,1.0,0,0,256,0,0,1792,27648,6,"2PC SPDZ-style (semi-honest, Beaver triples, Z_2^64)",7,82176,0,558080,0.06976,2.629632,558080.0,1.67904,1.4000000000000001,0.27904,LAN
ahash16,256,spatial,mean,1.0,0,0,256,0,0,1792,27648,6,"2PC SPDZ-style (semi-honest, Beaver triples, Z_2^64)",7,82176,0,558080,0.06976,2.629632,558080.0,282.7904,280.0,2.7904,WAN
mhash,64,spatial,median,1.0,0,0,2080,0,2016,1344,13312,10,"3PC replicated (ABY3-style, semi-honest, Z_2^64)",10,648096,0,2331360,0.29142,0.0,2331360.0,2.77712,2.0,0.7771199999999999,LAN
mhash,64,spatial,median,1.0,0,0,2080,0,2016,1344,13312,10,"3PC replicated (ABY3-style, semi-honest, Z_2^64)",10,648096,0,2331360,0.29142,0.0,2331360.0,407.7712,400.0,7.771199999999999,WAN
mhash,64,spatial,median,1.0,0,0,2080,0,2016,1344,13312,10,"2PC SPDZ-style (semi-honest, Beaver triples, Z_2^64)",11,648096,0,3022464,0.377808,20.739072,3022464.0,3.711232,2.2,1.511232,LAN
mhash,64,spatial,median,1.0,0,0,2080,0,2016,1344,13312,10,"2PC SPDZ-style (semi-honest, Beaver triples, Z_2^64)",11,648096,0,3022464,0.377808,20.739072,3022464.0,455.11232,440.0,15.11232,WAN
dhash,64,spatial,pairwise,0.999755859375,0,0,64,0,0,1384,14592,6,"3PC replicated (ABY3-style, semi-honest, Z_2^64)",6,20544,0,61632,0.007704,0.0,61632.0,1.220544,1.2000000000000002,0.020544,LAN
dhash,64,spatial,pairwise,0.999755859375,0,0,64,0,0,1384,14592,6,"3PC replicated (ABY3-style, semi-honest, Z_2^64)",6,20544,0,61632,0.007704,0.0,61632.0,240.20544,240.0,0.20544,WAN
dhash,64,spatial,pairwise,0.999755859375,0,0,64,0,0,1384,14592,6,"2PC SPDZ-style (semi-honest, Beaver triples, Z_2^64)",7,20544,0,259328,0.032416,0.657408,259328.0,1.5296640000000001,1.4000000000000001,0.129664,LAN
dhash,64,spatial,pairwise,0.999755859375,0,0,64,0,0,1384,14592,6,"2PC SPDZ-style (semi-honest, Beaver triples, Z_2^64)",7,20544,0,259328,0.032416,0.657408,259328.0,281.29664,280.0,1.29664,WAN
dhash16,256,spatial,pairwise,0.999481201171875,0,0,256,0,0,1840,29184,6,"3PC replicated (ABY3-style, semi-honest, Z_2^64)",6,82176,0,246528,0.030816,0.0,246528.0,1.2821760000000002,1.2000000000000002,0.082176,LAN
dhash16,256,spatial,pairwise,0.999481201171875,0,0,256,0,0,1840,29184,6,"3PC replicated (ABY3-style, semi-honest, Z_2^64)",6,82176,0,246528,0.030816,0.0,246528.0,240.82176,240.0,0.82176,WAN
dhash16,256,spatial,pairwise,0.999481201171875,0,0,256,0,0,1840,29184,6,"2PC SPDZ-style (semi-honest, Beaver triples, Z_2^64)",7,82176,0,564224,0.070528,2.629632,564224.0,1.682112,1.4000000000000001,0.282112,LAN
dhash16,256,spatial,pairwise,0.999481201171875,0,0,256,0,0,1840,29184,6,"2PC SPDZ-style (semi-honest, Beaver triples, Z_2^64)",7,82176,0,564224,0.070528,2.629632,564224.0,282.82112,280.0,2.82112,WAN
phash,64,frequency,median,1.0,0,0,2080,0,2016,5120,134144,10,"3PC replicated (ABY3-style, semi-honest, Z_2^64)",10,648096,0,2331360,0.29142,0.0,2331360.0,2.77712,2.0,0.7771199999999999,LAN
phash,64,frequency,median,1.0,0,0,2080,0,2016,5120,134144,10,"3PC replicated (ABY3-style, semi-honest, Z_2^64)",10,648096,0,2331360,0.29142,0.0,2331360.0,407.7712,400.0,7.771199999999999,WAN
phash,64,frequency,median,1.0,0,0,2080,0,2016,5120,134144,10,"2PC SPDZ-style (semi-honest, Beaver triples, Z_2^64)",11,648096,0,3505792,0.438224,20.739072,3505792.0,3.952896,2.2,1.752896,LAN
phash,64,frequency,median,1.0,0,0,2080,0,2016,5120,134144,10,"2PC SPDZ-style (semi-honest, Beaver triples, Z_2^64)",11,648096,0,3505792,0.438224,20.739072,3505792.0,457.52896,440.0,17.52896,WAN
phash_mean,64,frequency,mean,1.0,0,0,64,0,0,5120,134144,6,"3PC replicated (ABY3-style, semi-honest, Z_2^64)",6,20544,0,61632,0.007704,0.0,61632.0,1.220544,1.2000000000000002,0.020544,LAN
phash_mean,64,frequency,mean,1.0,0,0,64,0,0,5120,134144,6,"3PC replicated (ABY3-style, semi-honest, Z_2^64)",6,20544,0,61632,0.007704,0.0,61632.0,240.20544,240.0,0.20544,WAN
phash_mean,64,frequency,mean,1.0,0,0,64,0,0,5120,134144,6,"2PC SPDZ-style (semi-honest, Beaver triples, Z_2^64)",7,20544,0,737536,0.092192,0.657408,737536.0,1.7687680000000001,1.4000000000000001,0.368768,LAN
phash_mean,64,frequency,mean,1.0,0,0,64,0,0,5120,134144,6,"2PC SPDZ-style (semi-honest, Beaver triples, Z_2^64)",7,20544,0,737536,0.092192,0.657408,737536.0,283.68768,280.0,3.68768,WAN
whash_haar,64,wavelet,median,1.0,0,0,2080,0,2016,3392,78848,10,"3PC replicated (ABY3-style, semi-honest, Z_2^64)",10,648096,0,2331360,0.29142,0.0,2331360.0,2.77712,2.0,0.7771199999999999,LAN
whash_haar,64,wavelet,median,1.0,0,0,2080,0,2016,3392,78848,10,"3PC replicated (ABY3-style, semi-honest, Z_2^64)",10,648096,0,2331360,0.29142,0.0,2331360.0,407.7712,400.0,7.771199999999999,WAN
whash_haar,64,wavelet,median,1.0,0,0,2080,0,2016,3392,78848,10,"2PC SPDZ-style (semi-honest, Beaver triples, Z_2^64)",11,648096,0,3284608,0.410576,20.739072,3284608.0,3.8423040000000004,2.2,1.642304,LAN
whash_haar,64,wavelet,median,1.0,0,0,2080,0,2016,3392,78848,10,"2PC SPDZ-style (semi-honest, Beaver triples, Z_2^64)",11,648096,0,3284608,0.410576,20.739072,3284608.0,456.42304,440.0,16.42304,WAN
blockhash,256,spatial,median,0.999603271484375,0,0,8320,0,8064,1792,27648,10,"3PC replicated (ABY3-style, semi-honest, Z_2^64)",10,2592384,0,9325440,1.16568,0.0,9325440.0,5.10848,2.0,3.1084799999999997,LAN
blockhash,256,spatial,median,0.999603271484375,0,0,8320,0,8064,1792,27648,10,"3PC replicated (ABY3-style, semi-honest, Z_2^64)",10,2592384,0,9325440,1.16568,0.0,9325440.0,431.0848,400.0,31.084799999999998,WAN
blockhash,256,spatial,median,0.999603271484375,0,0,8320,0,8064,1792,27648,10,"2PC SPDZ-style (semi-honest, Beaver triples, Z_2^64)",11,2592384,0,11631104,1.453888,82.956288,11631104.0,8.015552,2.2,5.815552,LAN
blockhash,256,spatial,median,0.999603271484375,0,0,8320,0,8064,1792,27648,10,"2PC SPDZ-style (semi-honest, Beaver triples, Z_2^64)",11,2592384,0,11631104,1.453888,82.956288,11631104.0,498.15552,440.0,58.15552,WAN
pdq,256,frequency,median,0.99993896484375,0,0,32896,0,32640,19456,855040,11,"3PC replicated (ABY3-style, semi-honest, Z_2^64)",11,10484608,0,37720704,4.715088,0.0,37720704.0,14.773568000000001,2.2,12.573568,LAN
pdq,256,frequency,median,0.99993896484375,0,0,32896,0,32640,19456,855040,11,"3PC replicated (ABY3-style, semi-honest, Z_2^64)",11,10484608,0,37720704,4.715088,0.0,37720704.0,565.73568,440.0,125.73567999999999,WAN
pdq,256,frequency,median,0.99993896484375,0,0,32896,0,32640,19456,855040,11,"2PC SPDZ-style (semi-honest, Beaver triples, Z_2^64)",12,10484608,0,48606720,6.07584,335.507456,48606720.0,26.703359999999996,2.4000000000000004,24.303359999999998,LAN
pdq,256,frequency,median,0.99993896484375,0,0,32896,0,32640,19456,855040,11,"2PC SPDZ-style (semi-honest, Beaver triples, Z_2^64)",12,10484608,0,48606720,6.07584,335.507456,48606720.0,723.0336,480.0,243.03359999999998,WAN
rhash8,64,residual,zero,0.9979248046875,0,0,64,0,0,3392,78848,6,"3PC replicated (ABY3-style, semi-honest, Z_2^64)",6,20544,0,61632,0.007704,0.0,61632.0,1.220544,1.2000000000000002,0.020544,LAN
rhash8,64,residual,zero,0.9979248046875,0,0,64,0,0,3392,78848,6,"3PC replicated (ABY3-style, semi-honest, Z_2^64)",6,20544,0,61632,0.007704,0.0,61632.0,240.20544,240.0,0.20544,WAN
rhash8,64,residual,zero,0.9979248046875,0,0,64,0,0,3392,78848,6,"2PC SPDZ-style (semi-honest, Beaver triples, Z_2^64)",7,20544,0,516352,0.064544,0.657408,516352.0,1.658176,1.4000000000000001,0.258176,LAN
rhash8,64,residual,zero,0.9979248046875,0,0,64,0,0,3392,78848,6,"2PC SPDZ-style (semi-honest, Beaver triples, Z_2^64)",7,20544,0,516352,0.064544,0.657408,516352.0,282.58176,280.0,2.5817599999999996,WAN
rhash16,256,residual,zero,0.997344970703125,0,0,256,0,0,3840,93184,6,"3PC replicated (ABY3-style, semi-honest, Z_2^64)",6,82176,0,246528,0.030816,0.0,246528.0,1.2821760000000002,1.2000000000000002,0.082176,LAN
rhash16,256,residual,zero,0.997344970703125,0,0,256,0,0,3840,93184,6,"3PC replicated (ABY3-style, semi-honest, Z_2^64)",6,82176,0,246528,0.030816,0.0,246528.0,240.82176,240.0,0.82176,WAN
rhash16,256,residual,zero,0.997344970703125,0,0,256,0,0,3840,93184,6,"2PC SPDZ-style (semi-honest, Beaver triples, Z_2^64)",7,82176,0,820224,0.102528,2.629632,820224.0,1.8101120000000002,1.4000000000000001,0.41011200000000003,LAN
rhash16,256,residual,zero,0.997344970703125,0,0,256,0,0,3840,93184,6,"2PC SPDZ-style (semi-honest, Beaver triples, Z_2^64)",7,82176,0,820224,0.102528,2.629632,820224.0,284.10112,280.0,4.10112,WAN
rhash32,1024,residual,zero,0.9964141845703125,0,0,1024,0,0,5120,134144,6,"3PC replicated (ABY3-style, semi-honest, Z_2^64)",6,328704,0,986112,0.123264,0.0,986112.0,1.5287040000000003,1.2000000000000002,0.328704,LAN
rhash32,1024,residual,zero,0.9964141845703125,0,0,1024,0,0,5120,134144,6,"3PC replicated (ABY3-style, semi-honest, Z_2^64)",6,328704,0,986112,0.123264,0.0,986112.0,243.28704,240.0,3.28704,WAN
rhash32,1024,residual,zero,0.9964141845703125,0,0,1024,0,0,5120,134144,6,"2PC SPDZ-style (semi-honest, Beaver triples, Z_2^64)",7,328704,0,1970176,0.246272,10.518528,1970176.0,2.385088,1.4000000000000001,0.9850880000000001,LAN
rhash32,1024,residual,zero,0.9964141845703125,0,0,1024,0,0,5120,134144,6,"2PC SPDZ-style (semi-honest, Beaver triples, Z_2^64)",7,328704,0,1970176,0.246272,10.518528,1970176.0,289.85088,280.0,9.85088,WAN
rhash_energy,256,residual,mean,0.999908447265625,1024,0,1280,0,1024,4864,93184,14,"3PC replicated (ABY3-style, semi-honest, Z_2^64)",14,410880,1024,1625856,0.203232,0.0,1625856.0,3.341952,2.8000000000000003,0.541952,LAN
rhash_energy,256,residual,mean,0.999908447265625,1024,0,1280,0,1024,4864,93184,14,"3PC replicated (ABY3-style, semi-honest, Z_2^64)",14,410880,1024,1625856,0.203232,0.0,1625856.0,565.41952,560.0,5.4195199999999994,WAN
rhash_energy,256,residual,mean,0.999908447265625,1024,0,1280,0,1024,4864,93184,14,"2PC SPDZ-style (semi-honest, Beaver triples, Z_2^64)",15,410880,1024,2659328,0.332416,15.245312,2659328.0,4.329664,3.0,1.329664,LAN
rhash_energy,256,residual,mean,0.999908447265625,1024,0,1280,0,1024,4864,93184,14,"2PC SPDZ-style (semi-honest, Beaver triples, Z_2^64)",15,410880,1024,2659328,0.332416,15.245312,2659328.0,613.29664,600.0,13.29664,WAN
mhash-sort,64,spatial,median,1.0,543,0,607,0,543,1887,13312,4350,"3PC replicated (ABY3-style, semi-honest, Z_2^64)",4350,194847,543,793053,0.099131625,0.0,793053.0,870.264351,870.0,0.264351,LAN
mhash-sort,64,spatial,median,1.0,543,0,607,0,543,1887,13312,4350,"3PC replicated (ABY3-style, semi-honest, Z_2^64)",4350,194847,543,793053,0.099131625,0.0,793053.0,174002.64351,174000.0,2.64351,WAN
mhash-sort,64,spatial,median,1.0,543,0,607,0,543,1887,13312,4350,"2PC SPDZ-style (semi-honest, Beaver triples, Z_2^64)",4351,194847,543,1229436,0.1536795,7.347168,1229436.0,870.8147180000001,870.2,0.614718,LAN
mhash-sort,64,spatial,median,1.0,543,0,607,0,543,1887,13312,4350,"2PC SPDZ-style (semi-honest, Beaver triples, Z_2^64)",4351,194847,543,1229436,0.1536795,7.347168,1229436.0,174046.14718,174040.0,6.1471800000000005,WAN
phash-sort,64,frequency,median,1.0,543,0,607,0,543,5663,134144,4350,"3PC replicated (ABY3-style, semi-honest, Z_2^64)",4350,194847,543,793053,0.099131625,0.0,793053.0,870.264351,870.0,0.264351,LAN
phash-sort,64,frequency,median,1.0,543,0,607,0,543,5663,134144,4350,"3PC replicated (ABY3-style, semi-honest, Z_2^64)",4350,194847,543,793053,0.099131625,0.0,793053.0,174002.64351,174000.0,2.64351,WAN
phash-sort,64,frequency,median,1.0,543,0,607,0,543,5663,134144,4350,"2PC SPDZ-style (semi-honest, Beaver triples, Z_2^64)",4351,194847,543,1712764,0.2140955,7.347168,1712764.0,871.0563820000001,870.2,0.8563820000000001,LAN
phash-sort,64,frequency,median,1.0,543,0,607,0,543,5663,134144,4350,"2PC SPDZ-style (semi-honest, Beaver triples, Z_2^64)",4351,194847,543,1712764,0.2140955,7.347168,1712764.0,174048.56382,174040.0,8.56382,WAN
